Title,URL,Positive Avg,Neutral Avg,Negative Avg,Compound Avg,Overall Sentiment
Tesla loses bid to restore Elon Musk's $56bn pay package,https://www.reddit.com/r/teslamotors/comments/1h57lw9/tesla_loses_bid_to_restore_elon_musks_56bn_pay/,0.17665517241379305,0.7130862068965516,0.11022413793103449,0.060932758620689635,Positive
Delaware judge rejects request to restore Musk's $56 billion Tesla pay,https://www.reddit.com/r/teslamotors/comments/1h58q1z/delaware_judge_rejects_request_to_restore_musks/,0.07411111111111111,0.8393333333333333,0.08666666666666666,0.011255555555555562,Neutral
Cybercab in NYC, https://www.reddit.com/r/teslamotors/comments/1h59n9i/cybercab_in_nyc/,0.09266666666666666,0.8876666666666666,0.019777777777777776,0.10201111111111111,Positive
Tesla CEO Elon Musk loses bid to get $56 billion pay package reinstated, https://www.reddit.com/r/teslamotors/comments/1h580mh/tesla_ceo_elon_musk_loses_bid_to_get_56_billion/,0.11533333333333334,0.8207777777777777,0.06388888888888888,0.05125555555555555,Positive
"Tesla's Apple Watch app announced it should be live by next week | It will be a key for the trunk and frunk, activate climate control, and show battery charge level.", https://www.reddit.com/r/teslamotors/comments/1h4xswz/teslas_apple_watch_app_announced_it_should_be/,0.16725925925925925,0.8169629629629631,0.015777777777777776,0.2662481481481482,Positive
2024 Holiday Update, https://www.reddit.com/r/teslamotors/comments/1h4mtu8/2024_holiday_update/,0.22230555555555556,0.7356388888888888,0.042083333333333334,0.27274444444444446,Positive
Tesla has announced its annual holiday update for 2024, https://www.reddit.com/r/teslamotors/comments/1h4mfef/tesla_has_announced_its_annual_holiday_update_for/,0.13332000000000002,0.8244400000000001,0.04228,0.19679199999999997,Positive
I think Optimus touring worldwide now, https://www.reddit.com/r/teslamotors/comments/1h4wcj1/i_think_optimus_touring_worldwide_now/,0.08320000000000001,0.9168,0.0,0.24455999999999997,Positive
November at Tesla - Monthly Recap, https://www.reddit.com/r/teslamotors/comments/1h55nks/november_at_tesla_monthly_recap/,0.0,1.0,0.0,0.0,Neutral
Tesla CEO Elon Musk loses bid to get $56 billion pay package reinstated, https://www.reddit.com/r/teslamotors/comments/1h57qeq/tesla_ceo_elon_musk_loses_bid_to_get_56_billion/,0.0,1.0,0.0,0.0,Neutral
