Title,Submission ID,Author,Score,Upvote Ratio,Posted Date,URL,Positive,Neutral,Negative,Compound
Tesla loses bid to restore Elon Musk's $56bn pay package,1h57lw9,djoxo,980,0.94,2024-12-02 22:21:07,https://www.reddit.com/r/teslamotors/comments/1h57lw9/tesla_loses_bid_to_restore_elon_musks_56bn_pay/,0.171,0.543,0.287,-0.128
Delaware judge rejects request to restore Musk's $56 billion Tesla pay,1h58q1z,valkyriemissile,256,0.87,2024-12-02 23:08:57,https://www.reddit.com/r/teslamotors/comments/1h58q1z/delaware_judge_rejects_request_to_restore_musks/,0.149,0.541,0.311,-0.34
Cybercab in NYC,1h59n9i,ir666,156,0.82,2024-12-02 23:50:04,https://www.reddit.com/r/teslamotors/comments/1h59n9i/cybercab_in_nyc/,0.0,1.0,0.0,0.0
Tesla CEO Elon Musk loses bid to get $56 billion pay package reinstated,1h580mh,1FrostySlime,72,0.72,2024-12-02 22:38:20,https://www.reddit.com/r/teslamotors/comments/1h580mh/tesla_ceo_elon_musk_loses_bid_to_get_56_billion/,0.0,0.748,0.252,-0.4019
"Tesla's Apple Watch app announced it should be live by next week | It will be a key for the trunk and frunk, activate climate control, and show battery charge level.",1h4xswz,chrisdh79,252,0.93,2024-12-02 15:40:56,https://www.reddit.com/r/teslamotors/comments/1h4xswz/teslas_apple_watch_app_announced_it_should_be/,0.0,1.0,0.0,0.0
2024 Holiday Update,1h4mtu8,ParaIIax_,324,0.93,2024-12-02 04:31:56,https://www.reddit.com/r/teslamotors/comments/1h4mtu8/2024_holiday_update/,0.574,0.426,0.0,0.4019
Tesla has announced its annual holiday update for 2024,1h4mfef,ConfidentImage4266,309,0.89,2024-12-02 04:09:48,https://www.reddit.com/r/teslamotors/comments/1h4mfef/tesla_has_announced_its_annual_holiday_update_for/,0.252,0.748,0.0,0.4019
I think Optimus touring worldwide now,1h4wcj1,TakkyongHan,14,0.6,2024-12-02 14:36:37,https://www.reddit.com/r/teslamotors/comments/1h4wcj1/i_think_optimus_touring_worldwide_now/,0.0,1.0,0.0,0.0
November at Tesla - Monthly Recap,1h55nks,Nakatomi2010,0,0.48,2024-12-02 21:00:53,https://www.reddit.com/r/teslamotors/comments/1h55nks/november_at_tesla_monthly_recap/,0.0,1.0,0.0,0.0
Tesla CEO Elon Musk loses bid to get $56 billion pay package reinstated,1h57qeq,Kidd_Funkadelic,0,0.36,2024-12-02 22:26:25,https://www.reddit.com/r/teslamotors/comments/1h57qeq/tesla_ceo_elon_musk_loses_bid_to_get_56_billion/,0.0,0.748,0.252,-0.4019
Come join in the conversations in the original and largest Tesla community on Discord. Discord.gg/Tesla,1h4y8z7,AutoModerator,0,0.32,2024-12-02 16:00:15,https://www.reddit.com/r/teslamotors/comments/1h4y8z7/come_join_in_the_conversations_in_the_original/,0.234,0.625,0.141,0.2023
